股票代码,分类,出现次数
000001.SZ,红利,1
000021.SZ,半导体,54
000021.SZ,半导体&nbsp;,1
000060.SZ,有色,4
000062.SZ,半导体,4
000063.SZ,消费电子,61
000066.SZ,半导体,28
000066.SZ,AI应用,1
000070.SZ,北美算力,7
000100.SZ,北美算力,32
000100.SZ,面板,3
000100.SZ,光伏,1
000155.SZ,有色,1
000333.SZ,红利,5
000333.SZ,白电,2
000333.SZ,老登红利,1
000338.SZ,北美算力,27
000338.SZ,燃气轮机,3
000426.SZ,有色,22
000426.SZ,有色&nbsp;,1
000533.SZ,电网设备,2
000539.SZ,电力,1
000547.SZ,商业航天,41
000559.SZ,AI应用,1
000559.SZ,机器人,1
000592.SZ,ͳһ,10
000601.SZ,算电协同,1
000603.SZ,有色,2
000617.SZ,跨境金融,12
000630.SZ,有色,11
000636.SZ,北美算力,42
000651.SZ,红利,1
000657.SZ,有色,73
000681.SZ,AI应用,4
000690.SZ,化工,1
000725.SZ,北美算力,44
000725.SZ,面板,4
000733.SZ,北美算力,1
000737.SZ,有色,3
000767.SZ,电力,1
000776.SZ,券商,1
000792.SZ,有色,28
000792.SZ,化工,1
000807.SZ,有色,7
000815.SZ,AI应用,9
000831.SZ,有色,6
000858.SZ,消费,5
000878.SZ,有色,3
000933.SZ,化工,1
000933.SZ,有色,1
000938.SZ,北美算力,54
000938.SZ,半导体,1
000960.SZ,有色,15
000967.SZ,机器人,8
000969.SZ,可控核聚变,2
000975.SZ,有色,1
000977.SZ,半导体,48
000977.SZ,北美算力,9
000981.SZ,重组,3
000988.SZ,北美算力,97
000988.SZ,半导体,1
001248.SZ,新能源,7
001267.SZ,北美算力,8
001280.SZ,有色,1
001309.SZ,半导体,80
001309.SZ,半导体&nbsp;,1
001309.SZ,商业航天,1
001330.SZ,AI应用,1
001393.SZ,新能源,1
001399.SZ,北美算力,5
001399.SZ,半导体,1
001896.SZ,电力,14
001896.SZ,算电协同,4
001896.SZ,新能源,1
002001.SZ,ҩ,1
002008.SZ,北美算力,72
002015.SZ,算电协同,10
002015.SZ,电力,9
002015.SZ,新能源,4
002025.SZ,北美算力,2
002028.SZ,电网设备,5
002031.SZ,机器人,1
002044.SZ,AI应用,1
002049.SZ,半导体,8
002049.SZ,半导体&nbsp;,1
002050.SZ,机器人,53
002050.SZ,AI应用,1
002074.SZ,新能源,1
002080.SZ,北美算力,7
002080.SZ,化工,1
002081.SZ,商业航天,1
002081.SZ,半导体,1
002082.SZ,ҽҩ,1
002115.SZ,商业航天,1
002129.SZ,商业航天,4
002129.SZ,光伏,2
002129.SZ,北美算力,2
002129.SZ,新能源,1
002130.SZ,北美算力,5
002131.SZ,AI应用,28
002138.SZ,北美算力,3
002149.SZ,商业航天,34
002151.SZ,商业航天,2
002155.SZ,有色,9
002156.SZ,半导体,69
002156.SZ,半导体&nbsp;,1
002165.SZ,化工,1
002167.SZ,有色,1
002173.SZ,AI应用,1
002176.SZ,有色,4
002179.SZ,军工,1
002179.SZ,北美算力,1
002185.SZ,半导体,49
002185.SZ,半导体&nbsp;,1
002192.SZ,有色,9
002195.SZ,AI应用,10
002202.SZ,新能源,35
002202.SZ,商业航天,12
002202.SZ,北美算力,1
002208.SZ,半导体,2
002217.SZ,AI应用,2
002217.SZ,算电协同,1
002218.SZ,商业航天,2
002218.SZ,新能源,1
002222.SZ,北美算力,15
002222.SZ,半导体,1
002230.SZ,AI应用,9
002240.SZ,有色,9
002241.SZ,消费电子,5
002245.SZ,新能源,1
002261.SZ,AI应用,29
002261.SZ,有色,1
002263.SZ,算电协同,2
002273.SZ,北美算力,8
002281.SZ,北美算力,97
002297.SZ,北美算力,8
002297.SZ,商业航天,2
002309.SZ,新能源,5
002309.SZ,算电协同,4
002309.SZ,北美算力,1
002310.SZ,算电协同,2
002310.SZ,新能源,1
002324.SZ,AI应用,1
002326.SZ,新能源,1
002335.SZ,AI应用,1
002340.SZ,新能源,2
002340.SZ,半导体,1
002342.SZ,商业航天,24
002353.SZ,北美算力,11
002353.SZ,电网设备,2
002353.SZ,燃气轮机,1
002354.SZ,物理AI,2
002361.SZ,商业航天,33
002364.SZ,电网设备,6
002371.SZ,半导体,79
002371.SZ,半导体&nbsp;,1
002378.SZ,有色,12
002384.SZ,北美算力,96
002389.SZ,军工,1
002396.SZ,北美算力,12
002396.SZ,商业航天,1
002400.SZ,AI应用,3
002407.SZ,新能源,48
002407.SZ,有色,1
002409.SZ,半导体,34
002413.SZ,商业航天,8
002414.SZ,半导体,1
002415.SZ,安防,10
002421.SZ,物理AI,1
002422.SZ,ҽҩ,1
002428.SZ,北美算力,76
002428.SZ,有色,7
002428.SZ,AI应用,1
002428.SZ,半导体,1
002429.SZ,北美算力,4
002429.SZ,AI应用,2
002432.SZ,AI应用,11
002432.SZ,ҽҩ,3
002432.SZ,创投,1
002436.SZ,北美算力,57
002455.SZ,化工,1
002460.SZ,有色,46
002460.SZ,有色&nbsp;,1
002460.SZ,新能源,1
002463.SZ,北美算力,98
002463.SZ,半导体,3
002463.SZ,半导体&nbsp;,1
002463.SZ,商业航天,1
002465.SZ,商业航天,3
002466.SZ,有色,37
002466.SZ,有色&nbsp;,1
002466.SZ,新能源,1
002471.SZ,电网设备,5
002472.SZ,机器人,1
002475.SZ,消费电子,93
002484.SZ,北美算力,19
002491.SZ,北美算力,30
002498.SZ,北美算力,2
002498.SZ,电网设备,1
002506.SZ,算电协同,9
002506.SZ,商业航天,8
002506.SZ,新能源,5
002506.SZ,电力,1
002517.SZ,AI应用,1
002532.SZ,有色,1
002536.SZ,北美算力,1
002558.SZ,AI应用,7
002558.SZ,游戏,2
002560.SZ,算电协同,1
002560.SZ,电网设备,1
002560.SZ,商业航天,1
002565.SZ,商业航天,23
002565.SZ,北美算力,2
002579.SZ,消费电子,1
002579.SZ,北美算力,1
002580.SZ,新能源,7
002580.SZ,北美算力,1
002580.SZ,半导体,1
002594.SZ,新能源,44
002600.SZ,消费电子,17
002600.SZ,新能源,1
002602.SZ,游戏,3
002602.SZ,AI应用,3
002617.SZ,半导体,1
002624.SZ,AI应用,1
002636.SZ,北美算力,15
002639.SZ,可控核聚变,5
002639.SZ,AI应用,1
002648.SZ,化工,3
002654.SZ,半导体,1
002703.SZ,新能源,1
002709.SZ,新能源,60
002714.SZ,消费,2
002714.SZ,猪肉,1
002716.SZ,有色,8
002716.SZ,有色&nbsp;,1
002738.SZ,有色,5
002739.SZ,AI应用,1
002747.SZ,机器人,8
002747.SZ,消费电子,1
002759.SZ,新能源,2
002759.SZ,AI应用,1
002792.SZ,商业航天,7
002792.SZ,北美算力,2
002812.SZ,新能源,6
002821.SZ,ҽҩ,4
002837.SZ,北美算力,54
002842.SZ,有色,1
002850.SZ,新能源,1
002851.SZ,北美算力,28
002851.SZ,电网设备,2
002851.SZ,新能源,1
002865.SZ,商业航天,3
002916.SZ,北美算力,50
002929.SZ,AI应用,5
002938.SZ,北美算力,28
003031.SZ,北美算力,1
300001.SZ,AI应用,1
300014.SZ,新能源,44
300017.SZ,AI应用,34
300017.SZ,商业航天,1
300033.SZ,券商,32
300033.SZ,非银金融,1
300042.SZ,北美算力,2
300054.SZ,半导体,17
300058.SZ,AI应用,58
300058.SZ,算力,1
300059.SZ,券商,82
300059.SZ,非银金融,3
300063.SZ,AI应用,2
300065.SZ,商业航天,7
300065.SZ,军工,2
300085.SZ,券商,3
300088.SZ,AI应用,2
300088.SZ,半导体,2
300088.SZ,北美算力,1
300102.SZ,商业航天,6
300102.SZ,北美算力,2
300113.SZ,AI应用,1
300115.SZ,消费电子,2
300118.SZ,商业航天,5
300124.SZ,机器人,8
300133.SZ,AI应用,1
300136.SZ,商业航天,95
300139.SZ,有色,10
300164.SZ,化工,8
300166.SZ,AI应用,10
300170.SZ,AI应用,5
300179.SZ,金刚石,3
300179.SZ,北美算力,1
300182.SZ,AI应用,2
300184.SZ,半导体,1
300189.SZ,ũҵ,1
300204.SZ,ҽҩ,2
300207.SZ,新能源,8
300209.SZ,AI应用,1
300223.SZ,半导体,57
300223.SZ,半导体&nbsp;,1
300229.SZ,AI应用,3
300244.SZ,AI应用,1
300251.SZ,AI应用,5
300253.SZ,AI应用,4
300255.SZ,ҽҩ,1
300260.SZ,半导体,1
300274.SZ,新能源,87
300274.SZ,AI应用,1
300274.SZ,新能源老赛道,1
300285.SZ,北美算力,44
300296.SZ,MICROLED,1
300300.SZ,ͳһ,1
300302.SZ,半导体,4
300303.SZ,北美算力,1
300308.SZ,北美算力,102
300315.SZ,AI应用,2
300316.SZ,商业航天,4
300319.SZ,北美算力,7
300323.SZ,半导体,2
300339.SZ,AI应用,3
300342.SZ,商业航天,20
300346.SZ,半导体,30
300346.SZ,半导体&nbsp;,1
300364.SZ,AI应用,6
300373.SZ,半导体,3
300383.SZ,北美算力,10
300383.SZ,AI应用,2
300390.SZ,新能源,46
300390.SZ,半导体,1
300394.SZ,北美算力,102
300395.SZ,化工,22
300395.SZ,北美算力,14
300398.SZ,北美算力,4
300398.SZ,半导体,2
300408.SZ,北美算力,48
300409.SZ,AI应用,1
300418.SZ,AI应用,32
300418.SZ,算力,2
300418.SZ,大模型,1
300432.SZ,新能源,4
300433.SZ,消费电子,54
300433.SZ,商业航天,2
300433.SZ,AI应用,1
300436.SZ,ҽҩ,1
300438.SZ,新能源,6
300442.SZ,AI应用,45
300442.SZ,算力,1
300442.SZ,北美算力,1
300450.SZ,新能源,8
300450.SZ,AI应用,1
300450.SZ,新能源老赛道,1
300454.SZ,AI应用,1
300456.SZ,半导体,11
300456.SZ,北美算力,3
300456.SZ,半导体&nbsp;,1
300456.SZ,AI应用,1
300458.SZ,半导体,10
300459.SZ,AI应用,1
300475.SZ,半导体,85
300475.SZ,半导体&nbsp;,1
300476.SZ,北美算力,102
300476.SZ,商业航天,1
300499.SZ,北美算力,1
300502.SZ,北美算力,101
300503.SZ,机器人,4
300505.SZ,化工,1
300520.SZ,AI应用,1
300548.SZ,北美算力,48
300548.SZ,半导体,1
300567.SZ,半导体,1
300570.SZ,北美算力,42
300570.SZ,半导体,1
300604.SZ,半导体,61
300604.SZ,北美算力,2
300604.SZ,半导体&nbsp;,1
300620.SZ,北美算力,49
300624.SZ,AI应用,1
300655.SZ,半导体,1
300657.SZ,北美算力,3
300657.SZ,AI应用,1
300657.SZ,机器人,1
300661.SZ,半导体,5
300666.SZ,半导体,39
300666.SZ,北美算力,1
300672.SZ,半导体,4
300724.SZ,商业航天,6
300724.SZ,新能源,6
300738.SZ,AI应用,3
300748.SZ,有色,1
300750.SZ,新能源,87
300750.SZ,AI应用,1
300750.SZ,新能源老赛道,1
300751.SZ,新能源,9
300751.SZ,商业航天,5
300751.SZ,半导体,1
300757.SZ,北美算力,32
300757.SZ,商业航天,5
300759.SZ,ҽҩ,6
300762.SZ,商业航天,2
300763.SZ,新能源,8
300766.SZ,AI应用,4
300769.SZ,新能源,3
300773.SZ,AI应用,2
300775.SZ,军工,1
300776.SZ,北美算力,1
300782.SZ,半导体,7
300782.SZ,北美算力,5
300803.SZ,券商,3
300821.SZ,半导体,5
300827.SZ,新能源,5
300846.SZ,AI应用,2
300857.SZ,AI应用,53
300857.SZ,算力,15
300857.SZ,半导体,1
300975.SZ,北美算力,5
300975.SZ,半导体,1
301005.SZ,商业航天,2
301165.SZ,北美算力,6
301171.SZ,AI应用,14
301205.SZ,北美算力,11
301217.SZ,北美算力,29
301217.SZ,新能源,7
301292.SZ,新能源,1
301308.SZ,半导体,87
301308.SZ,半导体&nbsp;,1
301358.SZ,新能源,6
301396.SZ,AI应用,19
301486.SZ,北美算力,1
301511.SZ,北美算力,22
301511.SZ,新能源,3
301526.SZ,北美算力,35
301526.SZ,化工,10
301536.SZ,半导体,3
301536.SZ,北美算力,3
301583.SZ,半导体,2
301666.SZ,半导体,11
600010.SH,有色,18
600011.SH,电力,3
600021.SH,算电协同,1
600026.SH,船运,4
600026.SH,油运,2
600026.SH,化工,1
600026.SH,航运,1
600028.SH,化工,4
600030.SH,券商,48
600030.SH,非银金融,4
600031.SH,工程机械,1
600031.SH,机械,1
600036.SH,红利,17
600036.SH,老登红利,3
600036.SH,传统老登红利,1
600036.SH,老登,1
600066.SH,红利,1
600089.SH,电网设备,38
600089.SH,电力设备,2
600089.SH,AI应用,1
600096.SH,化工,5
600103.SH,造纸,1
600105.SH,北美算力,86
600105.SH,AI应用,1
600105.SH,可控核聚变,1
600110.SH,新能源,4
600110.SH,北美算力,2
600111.SH,有色,64
600111.SH,AI应用,1
600111.SH,有色&nbsp;,1
600118.SH,商业航天,51
600126.SH,AI应用,1
600126.SH,有色,1
600141.SH,有色,1
600143.SH,商业航天,1
600150.SH,商业航天,12
600150.SH,船舶,8
600150.SH,船运,7
600150.SH,军工,5
600157.SH,化工,3
600157.SH,有色,1
600160.SH,北美算力,12
600160.SH,化工,2
600172.SH,金刚石,7
600172.SH,人造钻石,2
600176.SH,北美算力,42
600176.SH,化工,25
600183.SH,北美算力,69
600183.SH,半导体,1
600183.SH,消费电子,1
600186.SH,AI应用,4
600186.SH,北美算力,1
600206.SH,半导体,19
600206.SH,北美算力,9
600219.SH,有色,3
600246.SH,半导体,4
600256.SH,化工,3
600276.SH,ҽҩ,44
600276.SH,ҩ,3
600309.SH,化工,15
600310.SH,算电协同,1
600330.SH,北美算力,32
600330.SH,商业航天,2
600338.SH,有色,1
600343.SH,商业航天,2
600352.SH,化工,1
600353.SH,北美算力,1
600360.SH,半导体,1
600362.SH,有色,11
600362.SH,有色&nbsp;,1
600367.SH,北美算力,1
600378.SH,北美算力,18
600378.SH,机器人,1
600378.SH,半导体,1
600392.SH,有色,14
600396.SH,电力,20
600396.SH,算电协同,6
600406.SH,算电协同,3
600406.SH,电网设备,1
600410.SH,AI应用,31
600415.SH,消费,1
600418.SH,新能源,2
600436.SH,ҽҩ,1
600460.SH,半导体,22
600481.SH,商业航天,1
600482.SH,北美算力,1
600487.SH,北美算力,100
600487.SH,商业航天,2
600489.SH,有色,8
600497.SH,有色,3
600498.SH,北美算力,77
600498.SH,商业航天,8
600500.SH,北美算力,1
600519.SH,消费,73
600519.SH,老登,1
600522.SH,北美算力,94
600531.SH,有色,2
600547.SH,有色,6
600549.SH,有色,47
600552.SH,北美算力,3
600552.SH,半导体,1
600578.SH,算电协同,2
600578.SH,电力,1
600580.SH,机器人,3
600580.SH,AI应用,1
600584.SH,半导体,63
600584.SH,半导体&nbsp;,1
600588.SH,AI应用,3
600589.SH,AI应用,1
600601.SH,北美算力,13
600602.SH,AI应用,5
600637.SH,AI应用,3
600641.SH,半导体,2
600654.SH,AI应用,1
600664.SH,ҽҩ,2
600666.SH,AI应用,11
600667.SH,半导体,41
600667.SH,北美算力,1
600673.SH,AI应用,4
600703.SH,半导体,50
600703.SH,半导体&nbsp;,1
600703.SH,MICROLED,1
600707.SH,北美算力,3
600726.SH,电力,5
600726.SH,算电协同,1
600744.SH,算电协同,1
600759.SH,化工,13
600759.SH,油气,1
600821.SH,算电协同,11
600839.SH,AI应用,2
600863.SH,电力,2
600869.SH,北美算力,6
600875.SH,电网设备,21
600875.SH,算电协同,1
600879.SH,商业航天,32
600884.SH,新能源,1
600887.SH,消费,1
600893.SH,商业航天,2
600893.SH,北美算力,1
600893.SH,军工,1
600895.SH,半导体,1
600900.SH,红利,19
600900.SH,传统老登红利,1
600900.SH,老登红利,1
600909.SH,券商,4
600916.SH,有色,2
600930.SH,算电协同,7
600938.SH,化工,15
600961.SH,有色,1
600977.SH,AI应用,1
600986.SH,AI应用,8
600988.SH,有色,16
600989.SH,化工,21
601012.SH,新能源,10
601012.SH,商业航天,6
601012.SH,AI应用,1
601016.SH,算电协同,9
601016.SH,电力,2
601069.SH,有色,1
601088.SH,ú,1
601088.SH,红利,1
601106.SH,可控核聚变,1
601127.SH,新能源,1
601127.SH,消费电子,1
601138.SH,北美算力,102
601168.SH,有色,6
601179.SH,电网设备,20
601179.SH,电力设备,2
601208.SH,北美算力,26
601211.SH,券商,1
601212.SH,有色,5
601231.SH,北美算力,3
601288.SH,红利,10
601288.SH,老登,1
601318.SH,红利,56
601318.SH,非银金融,4
601360.SH,AI应用,6
601390.SH,有色,2
601398.SH,红利,10
601398.SH,老登红利,1
601600.SH,有色,32
601600.SH,AI应用,1
601600.SH,有色&nbsp;,1
601606.SH,军工,1
601611.SH,AI应用,1
601611.SH,可控核聚变,1
601615.SH,新能源,1
601669.SH,算电协同,4
601669.SH,新能源,1
601678.SH,化工,2
601689.SH,机器人,9
601698.SH,商业航天,9
601727.SH,算电协同,2
601728.SH,运营商,2
601778.SH,AI应用,11
601778.SH,北美算力,3
601778.SH,新能源,1
601857.SH,化工,15
601868.SH,算电协同,13
601868.SH,电力,1
601869.SH,北美算力,88
601872.SH,油运,9
601872.SH,船运,6
601872.SH,化工,2
601872.SH,航运,1
601888.SH,消费,6
601899.SH,有色,99
601899.SH,AI应用,1
601899.SH,有色&nbsp;,1
601919.SH,红利,1
601933.SH,消费,1
601958.SH,有色,5
601975.SH,化工,3
601985.SH,核电,2
601988.SH,红利,1
601991.SH,电力,23
601991.SH,算电协同,9
603000.SH,AI应用,2
603005.SH,北美算力,8
603005.SH,半导体,4
603019.SH,半导体,55
603019.SH,半导体&nbsp;,1
603026.SH,新能源,1
603077.SH,化工,1
603083.SH,北美算力,65
603118.SH,北美算力,2
603127.SH,ҽҩ,3
603186.SH,北美算力,1
603228.SH,北美算力,11
603228.SH,半导体,4
603256.SH,北美算力,5
603256.SH,化工,3
603259.SH,ҽҩ,55
603259.SH,ҩ,8
603296.SH,北美算力,2
603296.SH,半导体,2
603296.SH,AIPC,1
603308.SH,北美算力,1
603459.SH,北美算力,2
603501.SH,半导体,10
603538.SH,ҽҩ,12
603588.SH,有色,1
603601.SH,商业航天,21
603601.SH,化工,1
603618.SH,北美算力,6
603618.SH,电网设备,1
603629.SH,AI应用,40
603629.SH,算力,10
603659.SH,新能源,3
603667.SH,机器人,5
603667.SH,AI应用,1
603678.SH,北美算力,1
603773.SH,北美算力,9
603778.SH,新能源,12
603799.SH,有色,41
603799.SH,AI应用,1
603799.SH,有色&nbsp;,1
603881.SH,AI应用,9
603890.SH,AIPC,1
603893.SH,半导体,17
603920.SH,北美算力,3
603920.SH,半导体,1
603938.SH,北美算力,1
603986.SH,半导体,88
603986.SH,半导体&nbsp;,1
603993.SH,有色,77
603993.SH,AI应用,1
603993.SH,有色&nbsp;,1
605117.SH,新能源,5
605358.SH,半导体,20
605589.SH,北美算力,4
688008.SH,半导体,88
688008.SH,半导体&nbsp;,1
688012.SH,半导体,71
688012.SH,半导体&nbsp;,1
688017.SH,机器人,30
688037.SH,半导体,1
688041.SH,半导体,88
688041.SH,半导体&nbsp;,1
688047.SH,半导体,2
688048.SH,北美算力,69
688072.SH,半导体,38
688072.SH,半导体&nbsp;,1
688099.SH,半导体,1
688110.SH,半导体,12
688111.SH,AI应用,6
688120.SH,半导体,22
688126.SH,半导体,36
688126.SH,北美算力,1
688146.SH,特种气体,26
688146.SH,气体,1
688146.SH,北美算力,1
688158.SH,AI应用,3
688167.SH,北美算力,3
688167.SH,半导体,1
688183.SH,北美算力,11
688195.SH,北美算力,6
688200.SH,半导体,1
688205.SH,北美算力,11
688223.SH,商业航天,4
688223.SH,新能源,2
688234.SH,半导体,2
688234.SH,北美算力,1
688249.SH,半导体,3
688256.SH,半导体,88
688256.SH,半导体&nbsp;,1
688270.SH,商业航天,7
688308.SH,数控刀具,1
688313.SH,北美算力,50
688322.SH,机器人,2
688322.SH,北美算力,1
688331.SH,ҽҩ,1
688347.SH,半导体,55
688347.SH,半导体&nbsp;,1
688361.SH,半导体,19
688362.SH,半导体,6
688387.SH,商业航天,2
688387.SH,AI应用,1
688387.SH,半导体&nbsp;,1
688403.SH,半导体,1
688432.SH,半导体,1
688498.SH,北美算力,84
688498.SH,半导体,1
688521.SH,半导体,79
688521.SH,半导体&nbsp;,1
688521.SH,商业航天,1
688525.SH,半导体,88
688525.SH,半导体&nbsp;,1
688549.SH,半导体,2
688568.SH,商业航天,1
688599.SH,商业航天,1
688627.SH,半导体,3
688629.SH,半导体,16
688629.SH,北美算力,11
688630.SH,半导体,1
688635.SH,北美算力,1
688702.SH,商业航天,10
688702.SH,北美算力,5
688729.SH,半导体,1
688766.SH,半导体,31
688766.SH,北美算力,1
688777.SH,AI应用,3
688795.SH,半导体,4
688797.SH,半导体,8
688802.SH,半导体,1
688808.SH,北美算力,13
688818.SH,商业航天,2
688820.SH,半导体,42
688825.SH,半导体,4
688981.SH,半导体,84
688981.SH,半导体&nbsp;,1
688981.SH,北美算力,1
